127798,723785,94545,615373,emo11.gif,1,mamoonam,[::NnNaM::]
425709,892878,274176,741234,emo1.gif,1,saloss,sarina
127800,735186,180565,611259,emo1.gif,1,jossejuice,Jo$eY
127801,605812,96111,604990,emo29.gif,1,13409,หัวหอมกระเทียม
127802,723785,178957,0,emo11.gif,1,mamoonam,[::NnNaM::]
127803,723785,186439,716304,emo11.gif,1,mamoonam,[::NnNaM::]
127804,606562,180969,0,emo1.gif,1,nuyam,lady-night
127805,723785,110217,600629,emo1.gif,1,mamoonam,[::NnNaM::]
127806,602463,172007,605728,emo15.gif,1,feriona,~pink~
127807,653039,179806,623405,emo1.gif,1,nun_803,Nunny_803
127808,673746,144478,0,emo1.gif,1,Dragon-Fa-lie,แมลงปอขาขาด
127809,759767,185596,703809,emo1.gif,1,narit3,หล่อสุดสุด
166812,610394,58128,615682,emo1.gif,1,zid_ark,zid_ark
127811,759767,186244,0,emo1.gif,1,narit3,หล่อสุดสุด
127812,760231,164248,603911,emo1.gif,1,chippee,love savena
127813,723785,141851,602375,emo11.gif,1,mamoonam,[::NnNaM::]
127814,691449,135485,0,emo1.gif,1,UnderHell,God of Evil
127815,759767,161418,666541,emo1.gif,1,narit3,หล่อสุดสุด
127816,687231,179203,711775,emo29.gif,1,memiejung,นางฟ้าจากสวรรค์
127817,739953,53195,605288,emo1.gif,1,freda,F r e d a _  ~
127818,759767,174923,700460,emo2.gif,1,narit3,หล่อสุดสุด
127819,704942,181450,650476,emo1.gif,1,MashiMaro_kung,คริสตัล  ลาเวนเดอร์
127820,739953,156160,697203,emo1.gif,1,freda,F r e d a _  ~
127821,686500,171066,728858,emo1.gif,1,masterroom,//*-*//มิโกะจัง//*-*//
127822,603513,138102,617540,emo1.gif,1,7XIN,7XIN
127824,738236,174923,700460,emo4.gif,1,FUN_fluke,Fluke_Riddle
127825,693495,171964,623753,emo1.gif,1,wlgm,Greeny  eyes
127826,761012,149984,0,emo1.gif,1,janny876,@Snow_Princss@
127827,610464,139977,0,emo1.gif,1,freedeal,ฟรีเดล
127828,761012,68041,606877,emo1.gif,1,janny876,@Snow_Princss@
127829,610464,156362,649868,emo1.gif,1,freedeal,ฟรีเดล
127830,761012,150345,0,emo1.gif,1,janny876,@Snow_Princss@
188696,602198,203974,0,emo1.gif,1,ragnarok_nan,พัชชาภา
127832,738236,152146,613796,emo1.gif,1,FUN_fluke,Fluke_Riddle
233321,803630,192605,0,emo1.gif,1,soonji_soonguy,soonji_soonguy
258611,715023,176081,735445,emo1.gif,1,deamming,@Fate@
127835,759810,68041,606877,emo1.gif,1,porteenz,~ปอจัง~
233320,684956,213381,740596,emo14.gif,1,Slayergirl,bay.bay
127838,725374,137183,661566,emo1.gif,1,hana49,hanaจัง >_<
127839,606287,171481,648154,emo1.gif,1,paint-slayer,paint-slayer
367095,848629,244896,0,emo1.gif,1,kwang_boom,โคนนันคุง
127841,740641,183179,0,emo1.gif,1,BaiCha_555,Hunter_X_Hunter
906855,1101814,330740,1017506,emo29.gif,1,siripabung,Chocchipgang
127843,660246,140705,607921,emo19.gif,1,kukkai246,The  eye  bloody  of  killer
127844,609056,37456,621770,emo1.gif,1,agava,จอมเวทย์ที่ถูกลืม
424710,834385,221438,1259058,emo2.gif,1,nut2006,สวยสุดสยอง
224156,781688,164248,603911,emo1.gif,1,NuPo_,คุJxนูสตoเบoร์รี่[N]u[P]o
297740,741483,174858,0,emo1.gif,1,Backman,กะเมรี่
153717,664941,175020,639279,emo1.gif,1,d_t_t_die,[ กย.15 Ya-Kun-ยุง ]
127857,720235,178849,0,emo1.gif,1,hamza,ขนนกสีแดง
127858,742317,149609,622982,emo1.gif,1,line_fire,+::| Line FiRe |::+
444438,848730,217755,713026,emo1.gif,1,bamjang,bamjang
230684,796145,179806,623405,emo15.gif,1,jirakan69,0_oคุณนู๋ฟิล์มจังo_0
127861,758337,177671,0,emo1.gif,1,2sod,Ja&Yok
127862,737259,142844,0,emo16.gif,1,amira1150,>เพนกวิน+จุ๊ฟส์ จุ๊ฟส์+<
221027,753298,206544,746812,emo1.gif,1,hiphop_bebe,**CutE GiRL**
127864,758337,174923,700460,emo1.gif,1,2sod,Ja&Yok
248247,674816,206242,745196,emo1.gif,1,murinrin,ยองเน่จัง
166304,665489,164911,600724,emo1.gif,1,bow_pp,>>+[[มนุษย์ต่างดาว]]+<<
127867,759860,33238,604412,emo29.gif,1,jobzutay,ู๋&#8596;&#8616;&#9830;ปั้นฝัuให้เป็นจิง&#9830;&#8
127869,612682,144196,619858,emo1.gif,1,pooh_p,pooh_p
127870,603370,183179,0,emo1.gif,1,jaruwan22,jaruwan22
127871,717426,184389,724320,emo13.gif,1,576321456,๐MINMIE๐
127872,731202,172227,606804,emo1.gif,1,-namkang-,^-^...คนมีอดีต...^-^
127873,606073,133866,619227,emo1.gif,1,cartonmelon,หนูน้อยmelon
127874,755611,133866,619227,emo1.gif,1,jaw_film,ตัวเล็กใสซ่าส์
127875,742635,174923,700460,emo1.gif,1,nokkrasa,ลีวิโอนา อเวจี
181305,755441,135271,648438,emo4.gif,1,Ichigo_kyo,Ichigokung
162868,769688,198819,0,emo1.gif,1,dek-y,ze-dark
127878,755001,175324,600796,emo1.gif,0,White_Army,Angel_Wing
127879,755611,165075,689406,emo1.gif,1,jaw_film,ตัวเล็กใสซ่าส์
127882,700076,167363,700024,emo19.gif,1,Mike_Ice,Sevenza
301617,787276,219166,0,emo1.gif,1,mon_ab,>>m\\
2176331,2346371,545358,2003680,emo1.gif,1,freemisamisa,Amui.SK
127885,656917,53058,603867,emo1.gif,1,varie,ยัยลูกแมว
127886,606023,166435,0,emo1.gif,1,pink-rose,Pink Rose
127887,715726,175324,600796,emo1.gif,1,laor_38575,~||<- จอมมารฟ้าที่ 6 ->||~
127888,718816,183487,618875,emo1.gif,0,_lovely_,[~ลูกแก้ว^สีเงิน~]
276298,653314,211023,780969,emo1.gif,1,sakdawoot,*-*เต้*-*
127890,756381,74075,602167,emo30.gif,1,c-l-o-v-e-r,C L o v E R
127891,756381,85019,0,emo30.gif,1,c-l-o-v-e-r,C L o v E R
127892,668225,167962,689406,emo30.gif,1,nipatta,nipatta
127893,756381,67093,0,emo30.gif,1,c-l-o-v-e-r,C L o v E R
127894,606073,137684,619227,emo1.gif,1,cartonmelon,หนูน้อยmelon
127895,756381,137159,623885,emo30.gif,1,c-l-o-v-e-r,C L o v E R
4480388,3167103,874658,2815724,emo1.gif,1,mafp,MF AP
127897,689628,173432,720814,emo14.gif,1,green_kus37,green^o^
127898,689628,176718,682315,emo8.gif,1,green_kus37,green^o^
127899,689628,169133,0,emo27.gif,1,green_kus37,green^o^
127900,703216,156683,649531,emo1.gif,1,teentitans_2539,ไอ13
127901,689628,172389,729521,emo11.gif,1,green_kus37,green^o^
127902,689628,150542,0,emo19.gif,1,green_kus37,green^o^
127903,663387,185314,0,emo1.gif,1,ant001002,โมโดโกะ
127904,689628,158899,600328,emo28.gif,1,green_kus37,green^o^
127905,663387,185902,0,emo19.gif,1,ant001002,โมโดโกะ
127906,689628,166435,0,emo29.gif,1,green_kus37,green^o^
127907,603973,176376,0,emo1.gif,1,V-nas,V-nas
127908,665772,164766,600708,emo30.gif,1,simcard,ตาลาย
127909,689628,165963,716933,emo3.gif,1,green_kus37,green^o^
127910,689628,173129,716933,emo5.gif,1,green_kus37,green^o^
127911,689628,171378,716933,emo4.gif,1,green_kus37,green^o^
127912,711704,141851,602375,emo19.gif,1,toonzzy,BowBoJung
127913,689628,168543,628393,emo16.gif,1,green_kus37,green^o^
127914,689628,172227,606804,emo8.gif,1,green_kus37,green^o^
127916,744135,185654,728660,emo19.gif,1,jumpa_jung,(@_@)!!
233318,803630,183179,0,emo1.gif,1,soonji_soonguy,soonji_soonguy
127918,657262,123722,0,emo1.gif,1,melody_pmfc,peacemakerfanclub_pmfc
127919,605242,163223,0,emo1.gif,1,Feather_Black,Handbell_Platinum
258189,610464,177532,619495,emo1.gif,1,freedeal,ฟรีเดล
127921,603410,164248,603911,emo1.gif,0,Mylittledevil,~เต้าหู้น้อย-เลนดี้~
200870,798439,105219,0,emo1.gif,1,manomai,มโนมัย ใจดี
127923,720631,156683,649531,emo19.gif,1,Topaz3,Topaz~
127924,661228,183837,0,emo19.gif,1,pacartoon,@1002
127925,760349,181420,0,emo1.gif,1,forBluE,หลอดทดลอง
127926,760349,180619,693034,emo1.gif,1,forBluE,หลอดทดลอง
127927,613241,181926,669609,emo9.gif,1,_thanatos_,Thanatos zephyR
603061,605055,271316,666507,emo1.gif,1,zombiegal,zombiegal
127929,656917,156244,0,emo1.gif,1,varie,ยัยลูกแมว
151184,616915,188637,728328,emo1.gif,1,chibi-chacha,~+NoK+~
127931,735124,180464,0,emo1.gif,1,inuyasha_kagura,@- hakudoushi -@
224039,736913,205046,709880,emo1.gif,1,ice_gemini,Ice_Princekalo
127933,703622,175020,639279,emo1.gif,1,Au_note,แจจุน
127934,731229,171964,623753,emo29.gif,1,birdyclub,*raining*
5972892,3351189,806042,2824705,emo1.gif,1,kim-kaknoo,kim x kim
127936,735124,170867,664461,emo1.gif,1,inuyasha_kagura,@- hakudoushi -@
243179,621968,199108,640559,emo1.gif,1,elinbomb,Elin_Cray
127939,755656,169228,0,emo3.gif,1,chiaki01,Chiaki_jung
127940,682398,185654,728660,emo1.gif,0,Muffinberry,Muffinberry
127941,620528,180819,0,emo4.gif,1,CherryPoP,CherryPoP
127942,626399,47834,601224,emo1.gif,1,lordsaransa,lord๐กาแฟ
127943,738270,186470,0,emo19.gif,1,PISANUtan,Nu Tan
127944,729890,144478,0,emo1.gif,1,looppool,เจ้าหญิงสายฝน
127945,735124,164248,603911,emo1.gif,1,inuyasha_kagura,@- hakudoushi -@
127946,631162,175520,0,emo19.gif,1,mangmo_mangclub,นกฟ้า
127947,685931,34132,518182,emo1.gif,1,damjungkaa00,++----ล้อเล่นหน่า----++
312699,670188,230485,0,emo1.gif,1,saranwit,แบบว่า...นะ
127949,685931,107912,600949,emo30.gif,1,damjungkaa00,++----ล้อเล่นหน่า----++
127950,615373,42423,603269,emo29.gif,1,usher,ushey[usher]
127951,685931,173071,600949,emo19.gif,1,damjungkaa00,++----ล้อเล่นหน่า----++
1489645,2020280,510523,720243,emo1.gif,1,kyumin-,!kyumin!
1836054,837041,565835,2211621,emo1.gif,1,4910210862,asna
127953,685931,65771,601205,emo29.gif,1,damjungkaa00,++----ล้อเล่นหน่า----++
127954,705634,186162,0,emo1.gif,1,pakimora,จุ๊บ-\\'๑\\'-ที่ร๊ากก -\\'๑\\'-จุ๊บ
127955,685931,127807,600741,emo28.gif,1,damjungkaa00,++----ล้อเล่นหน่า----++
127956,755656,139743,0,emo12.gif,1,chiaki01,Chiaki_jung
127957,754301,140918,605239,emo1.gif,1,cockaroach,j.m.cockroach
127958,755656,147200,0,emo1.gif,1,chiaki01,Chiaki_jung
127959,623412,186299,0,emo1.gif,1,snowdark,ฟิมะไม่หนาว
127960,755656,162234,0,emo1.gif,1,chiaki01,Chiaki_jung
292604,616205,67940,610772,emo1.gif,1,moamona,แมวปีศาจ(M.M.)
127963,632044,165966,0,emo1.gif,1,Marsapia,Marsapia
127964,602519,169475,720631,emo30.gif,1,matora4,มาโทระ
1404333,1165344,284843,660904,emo1.gif,1,silly_fool,หนอนไหมผู้น่ารัก-_-
127988,722425,40341,606409,emo9.gif,0,cocoaharry,pang_love_cartoons
127990,720235,182081,0,emo1.gif,1,hamza,ขนนกสีแดง
127991,691156,164538,650631,emo1.gif,0,B_Cheese,สายเลือดบริสุทธ์
127992,691156,181926,669609,emo1.gif,0,B_Cheese,สายเลือดบริสุทธ์
127993,761098,184854,0,emo1.gif,1,jele_momay,เจ๊เจเล่-หวัดดีจ้า
747381,769864,341977,0,emo1.gif,0,arunpasagorn,warmlove__^_^
148177,706411,121178,600680,emo1.gif,1,Lgolf,ลูกกอล์ฟจัง
1987616,1276804,580480,1114221,emo1.gif,1,mekk,Your SmiL
148176,754865,188570,0,emo16.gif,1,pimmamoto,pimmamoto
127999,750882,53195,605288,emo11.gif,1,jom36,ฉลามกัดเจ็บมาแว้ว
1476722,764916,516001,1183535,emo1.gif,1,3-83-3,Snowboy
1428337,2019908,447725,1206662,,1,qweemz01,>KaN๐N<
1987618,1064055,490714,1097354,emo1.gif,1,jen4838,สึนะจอมห่วย(แต่เก่ง)
12383724,2432708,1210341,3261919,emo1.gif,1,fernnie1,` (vanillashake) -?
128005,670950,174153,0,emo1.gif,1,meaw_narak,ลูกกวาดสีหม่น
283476,665585,208655,0,emo4.gif,1,U_Dong,rsg_stink
128007,656341,186180,0,emo1.gif,1,l3oonsita,สาวน้อยร้อยความรัก
128008,760231,175324,600796,emo1.gif,1,chippee,love savena
128009,726432,118632,0,emo1.gif,1,aistory,aistory
1373118,827824,401870,1045303,emo1.gif,1,meromo1983,++meromo1983++
128011,601068,156683,649531,emo1.gif,1,sassy_sanson,sanson
522043,843396,157188,656614,emo1.gif,1,-christin-,#NAME?
2258177,2016393,369694,819626,emo1.gif,1,ariyachat,messenger of death
1987620,2153555,586227,1162985,emo1.gif,1,cakejangnaka,&#9733;ซาโยริจัง&#9733;
128018,749114,175531,0,emo1.gif,1,nana_ningnong,"NanazzZ, , ,NingnongzzZ"
128019,716320,169414,0,emo1.gif,1,ni_jung,นิจัง
128020,760231,141795,659163,emo1.gif,1,chippee,love savena
128022,738089,174923,700460,emo1.gif,1,jems_glass,พลอยประกายแก้ว ^o^
128023,760231,167363,700024,emo1.gif,1,chippee,love savena
747378,901016,352438,0,emo1.gif,1,salid,เนโกะเหมียวเหมียว
128025,604272,174215,604272,emo1.gif,1,kaewsaichan,แก้วใส>O<
128026,691156,176556,740234,emo1.gif,0,B_Cheese,สายเลือดบริสุทธ์
128027,604272,128557,604272,emo1.gif,1,kaewsaichan,แก้วใส>O<
7757824,3491960,1032103,3422544,emo1.gif,1,melon_mo,It's_mo
128029,733011,175626,0,emo1.gif,1,lovepond,ดอกไม้สีเงิน
128030,666751,153786,0,emo19.gif,0,ob_ab,Santa2
128031,604272,125453,604272,emo13.gif,1,kaewsaichan,แก้วใส>O<
290676,816455,226965,664006,emo1.gif,1,osachi,[F]lower~fear
128033,760231,167370,720633,emo1.gif,1,chippee,love savena
615886,624250,317140,735572,emo4.gif,1,Vinsell,`ViPeR`
128035,760231,152146,613796,emo1.gif,1,chippee,love savena
151201,765170,171057,623753,emo1.gif,1,lovely0802,~ [ \\'/ o l< ] ~
128038,709634,31149,602532,emo2.gif,1,pinna,นู๋ปิน[piN]
128039,709634,18675,602532,emo2.gif,1,pinna,นู๋ปิน[piN]
128041,760231,142035,633894,emo1.gif,1,chippee,love savena
128042,685931,166123,686985,emo16.gif,1,damjungkaa00,++----ล้อเล่นหน่า----++
747377,739972,57070,611517,emo1.gif,1,kimiko-kiriko,kimiko^-^
18718005,3769844,1343490,4344196,emo1.gif,1,mintzaza710,MarkBam FC
128046,760231,136028,628983,emo1.gif,1,chippee,love savena
128047,760231,133124,0,emo1.gif,1,chippee,love savena
128048,760231,133595,652982,emo1.gif,1,chippee,love savena
128049,760231,141571,0,emo1.gif,1,chippee,love savena
128050,672450,183040,753718,emo1.gif,1,gaamygirl,เกมิโกะ
128051,633104,173085,602022,emo4.gif,1,pooring,PO_oI2iI\\\\IG
285525,709634,183659,611073,emo19.gif,1,pinna,นู๋ปิน[piN]
2163344,1124511,567860,610529,emo1.gif,1,diarykr,KyUMiNandkr...
128054,605153,164248,603911,emo1.gif,1,suzusan,อิชิมารุ
128055,654321,175324,600796,emo1.gif,1,8023534,*muk*
128056,724858,174923,700460,emo1.gif,1,R-PIG,ReAlGar
128057,710435,148772,656637,emo30.gif,1,u-knowlll,u-knowlll
128058,759930,171883,730242,emo29.gif,1,labiii,F**king Monkiii
415123,813237,259825,871504,emo1.gif,1,keko,keko_L
129245,600330,149960,0,emo1.gif,1,name1535,princess -_-
148300,776559,142013,608146,emo1.gif,1,wel_come,* fah *
128062,749565,139911,656415,emo1.gif,1,lovelove_poppy,[lnw] แม่มดในนิยาย
128063,613669,171964,623753,emo1.gif,1,meewyuki,meewyuki
1373119,647166,492174,837999,emo1.gif,1,What_sup,~~ยัยตัวร้าย~~
321186,600569,138543,603911,emo1.gif,1,devilangle,level_555+
128067,613669,184101,693034,emo1.gif,1,meewyuki,meewyuki
987696,947564,411811,1055715,emo13.gif,1,kim_minmin,oppaminmin
5255508,2972905,924535,639487,emo1.gif,1,momorning,mo.morning
128071,760231,171964,623753,emo1.gif,1,chippee,love savena
128072,760231,171057,623753,emo1.gif,1,chippee,love savena
2163345,1124511,542859,2132832,emo1.gif,1,diarykr,KyUMiNandkr...
590945,974267,279115,742055,emo11.gif,1,suju13nun,yesung-_-leeteuk
128076,760231,137183,661566,emo1.gif,1,chippee,love savena
128077,728975,182456,0,emo1.gif,1,FalleN_Angel507,++gl@morous gir|++
159957,767706,183837,0,emo1.gif,1,naungrainbow,เลิฟเบอร์รี่จัง
128989,601862,177671,0,emo1.gif,1,bluerose_blue,- bluerose -
128080,718816,173979,676750,emo1.gif,0,_lovely_,[~ลูกแก้ว^สีเงิน~]
190266,799268,171796,0,emo14.gif,1,pblue_cpink, แพนด้าสีฟ้าก่ะแมวสีชมพู 
128082,751575,184740,0,emo1.gif,1,Null_love,[(เด็ก)~(วุ่น)~(วาย)]
153100,691473,76453,601919,emo1.gif,1,i_gmym,I_GMYM
392142,747648,202351,0,emo13.gif,0,tidapon25369,&#9827;Say_Hi&#9827;น้oงไผ่ซ่า&#9827;
128087,731035,182041,718699,emo19.gif,1,karnjira,กาญจน์จิรา
128088,691473,153468,601919,emo2.gif,1,i_gmym,I_GMYM
468133,660644,142903,673213,emo1.gif,1,banana49,เพรช
128090,754936,152146,613796,emo1.gif,1,yyiNg,` ญ ____&#65518;*&#65377;&#8482;
128092,749235,184389,724320,emo1.gif,1,IceBreak,IceBreak
128167,694758,134604,615373,emo1.gif,1,jeengirl,Jeenny
128094,604094,186453,0,emo1.gif,1,momoko40,momoko40
747376,739972,135529,612302,emo1.gif,1,kimiko-kiriko,kimiko^-^
197482,799193,200648,0,emo1.gif,0,som_oh,som_o
241347,745288,182071,750554,emo1.gif,1,sarjung,mywizard
307925,828083,187220,669096,emo1.gif,1,m_name_kio,m_name_kio
128099,749565,184101,693034,emo1.gif,1,lovelove_poppy,[lnw] แม่มดในนิยาย
143536,712449,190369,768943,emo19.gif,1,Karen555,Rikku^-^
129193,605728,28001,601726,emo1.gif,1,Juntiva,จันทร์ทิวา
128111,605218,175565,673731,emo1.gif,1,bowlchan,bowlchan
169793,776930,14093,629671,emo1.gif,1,sakura_margaret,กระดาษไข
129896,698685,68041,606877,emo1.gif,1,conankung_007,ไอลีน
128114,605218,183179,0,emo1.gif,1,bowlchan,bowlchan
128115,605218,174923,700460,emo1.gif,1,bowlchan,bowlchan
130488,720634,174661,617166,emo1.gif,1,lovemod,*_*รักเธอจัง*_*
128117,605218,180619,693034,emo1.gif,1,bowlchan,bowlchan
128118,733889,86588,601719,emo1.gif,1,baskki,>_<นุ่นค่ะ>_<
128119,634033,48521,0,emo1.gif,1,lovekaaa,บอบบาง
261190,605123,187881,751837,emo1.gif,1,bree,bree
162239,760978,94089,0,emo1.gif,1,taewberryblue,มะนาวหวานน้ำตาลเปรี้ยว
1368859,1194721,450210,925226,emo1.gif,1,tequila_fae,&#10006;: fae rin ; ]] &#8482;
128123,694758,177015,0,emo1.gif,1,jeengirl,Jeenny
128124,694758,150345,0,emo1.gif,1,jeengirl,Jeenny
602475,650854,311917,0,emo1.gif,1,lovemikie,lovemikie
128126,743658,137904,0,emo1.gif,1,nanaku,nanaku
128130,601801,186571,720631,emo6.gif,1,chaisiri_ch,พลอยมาม่าซัง
128131,710120,152146,613796,emo1.gif,1,aphodrite,^^Shiki^^
128132,721101,181071,0,emo1.gif,1,Hira,Hira
128133,751997,177122,0,emo1.gif,1,i_naumwan_baa,<ไอ้น้ำหวาน>
128134,712808,170108,0,emo1.gif,1,g_wizardry,G_Wizardry
175056,789024,85622,0,emo1.gif,1,marine_sine,+*+ AlichA +*+
128136,724841,157858,699609,emo1.gif,1,crepo,crepo
128137,651960,185357,0,emo1.gif,1,28185,เถ้าแก่(ยังสาว)
128138,622310,87109,602365,emo19.gif,1,-beau-,:::<+ice^queen+>:::
128139,708014,169336,669096,emo1.gif,1,pran_good,dan_d2b
305798,695074,232191,811155,emo1.gif,1,monkypink,monkypink
229000,667524,186383,744272,emo1.gif,1,inthesea,รัตติกาล
491750,943603,216064,0,emo2.gif,1,mix29,[m][ i ][ x ]
128143,622310,152146,613796,emo19.gif,1,-beau-,:::<+ice^queen+>:::
128144,741877,172171,0,emo15.gif,1,hoseki,hoseki
130395,624653,142320,0,emo14.gif,1,hadead,hadead
512809,795781,223919,723903,emo19.gif,1,DevillcZar,KITTYERG
128147,739808,185829,604760,emo1.gif,1,Freedom_Love,Freedom_Love
128148,675307,186413,615209,emo1.gif,1,aubonthip,นู๋นะโม
128149,610901,175626,0,emo1.gif,1,nun007,เจ้าหญิงแห่งฤดู
128150,682024,170254,0,emo1.gif,1,la-goon,-*~ la  goon ~*-
128152,630012,141571,0,emo1.gif,1,blueberry_time,LIZZ  LIZA
849228,876091,384563,943068,emo1.gif,1,anewnaja,^-^zabzanarak^-^
128154,610901,152146,613796,emo1.gif,1,nun007,เจ้าหญิงแห่งฤดู
128155,741275,150703,639279,emo1.gif,1,berrystar,Berrystar
128156,630012,87109,602365,emo1.gif,1,blueberry_time,LIZZ  LIZA
128157,741275,175626,0,emo1.gif,1,berrystar,Berrystar
128158,610901,179806,623405,emo1.gif,1,nun007,เจ้าหญิงแห่งฤดู
2216382,2414110,580483,971529,emo1.gif,1,yueyunka,yueyunka
128161,610901,182711,723153,emo1.gif,1,nun007,เจ้าหญิงแห่งฤดู
128162,651960,116593,0,emo1.gif,1,28185,เถ้าแก่(ยังสาว)
128163,604094,186534,728388,emo1.gif,1,momoko40,momoko40
491749,724817,278517,921695,emo1.gif,1,charkopong,+*+-*+-The pink man+*-+*
128165,685897,158103,700681,emo1.gif,1,florence_kbp,Florence
128166,604094,119395,0,emo1.gif,1,momoko40,momoko40
128168,720518,158355,0,emo1.gif,1,littlemilky,**จันทร์เจ้า**
128169,602508,164095,0,emo9.gif,1,jane2608,freedel
181605,747183,204948,0,emo30.gif,1,91585233,รินนะค่า
128171,749061,105843,603085,emo1.gif,1,-Marionette-,-Marionette-
128172,652471,184389,724320,emo1.gif,1,TOmaTO_jang,~#++มะเขือเทศ++#~
1599911,1011945,480778,971166,emo1.gif,1,Konthicha,Guardian Star
128174,602729,153257,678210,emo1.gif,1,bite,^+BlueBell+^
703152,805658,277981,920547,emo1.gif,1,oni-chan,dark devil
128176,646821,184389,724320,emo29.gif,1,elementjang,^w^ryojijin^w^
128177,685897,139320,651960,emo1.gif,1,florence_kbp,Florence
128178,741371,144098,675447,emo1.gif,1,ware,Watey
637938,976472,323210,1005295,emo1.gif,1,ribbin307big,ซากุระหน้าร้อน
128180,632020,164095,0,emo1.gif,1,warinee1605,ทอฝัน ประกายฟ้า
128181,741371,186111,0,emo1.gif,1,ware,Watey
182536,758830,205127,723163,emo1.gif,1,seasonchan,seasonchan
128183,604094,184775,0,emo1.gif,1,momoko40,momoko40
128184,601727,177015,0,emo1.gif,1,Dok-Ya,:*:*:ดอกหญ้า:*:*:
128185,732316,176738,600545,emo4.gif,1,elieanna,ราตรีจันทรา
141892,604027,174923,700460,emo1.gif,1,kame-aga,grasshopper
128188,750902,186621,0,emo1.gif,1,-pung_noi-,!!+GifT+!!
128190,619791,185195,750203,emo1.gif,1,trom,N\\' ต๋อม
609063,921300,109534,600554,emo1.gif,1,seximustsay,รักเทอเสมอแม้เทอจะรักใคร
128192,630266,150284,683941,emo1.gif,1,Cherub_noona,หมี่เกี๊ยว
131819,738120,150737,662179,emo5.gif,1,sikhidayo,:S:I:K:H:I:D:A:Y:O:_~
128194,719681,141575,665779,emo1.gif,1,chicha_cena,zealza_chica54
128195,696490,163641,692330,emo1.gif,1,Frozen_Lake,`๏[DolCe]&|DruFe|๏`
128196,616135,106790,0,emo9.gif,1,Vergo,Vergo
128197,671717,177796,739118,emo2.gif,1,thammo,พิมพ์เพทายมณี
128198,671717,122885,0,emo24.gif,1,thammo,พิมพ์เพทายมณี
128199,682120,164248,603911,emo1.gif,1,ouiyhoo,+++Ouiyhoo+++
128200,628314,164095,0,emo1.gif,1,erato_colliope,ควีนอลิซาเบท
128201,738154,167860,0,emo1.gif,1,jemserball_jan,jemserball>_<!
128208,619504,180235,674768,emo13.gif,1,Kurokawa13,The_Teller
128209,750852,131771,606518,emo1.gif,0,jemserbelle,air~lea
128210,656341,183179,0,emo1.gif,1,l3oonsita,สาวน้อยร้อยความรัก
128768,757178,139823,646760,emo1.gif,1,songsri,road black
652515,931472,318515,836279,emo1.gif,1,C_C_1995,*Z_A_Z_A*
128213,750852,130724,0,emo1.gif,0,jemserbelle,air~lea
128214,717372,138564,664523,emo1.gif,1,belove_dear,white lovely.
128215,760431,171964,623753,emo16.gif,1,pUnk_GuZaA,pUnk  GuZaA
296593,746311,175020,639279,emo1.gif,1,istuna,istuna
128217,717372,172254,663818,emo1.gif,1,belove_dear,white lovely.
128218,717372,149274,663818,emo1.gif,1,belove_dear,white lovely.
8649891,2382870,1071772,2960229,,1,peachnakub,PE@CH
128223,623777,184423,0,emo1.gif,1,ploy_zaza,เม็ดพลอย
2567201,1227204,373086,600380,emo1.gif,1,Miiki,TEAUTA'
422203,859804,241126,788173,emo1.gif,1,u_r_my_pumpkin,>>>++PuMpKiN\\'s DaY++<<<
128226,750852,155603,0,emo1.gif,0,jemserbelle,air~lea
128228,730148,186609,0,emo1.gif,1,p-e-a-c-h-,~ปีกน้อยแห่งความฝัน~
128229,709212,186262,0,emo14.gif,1,princekiller,นายคาสโนว่าสุดเซี้ยว
128232,740103,177671,0,emo1.gif,1,_Tears_,~{T}ear$~
128233,744060,150542,0,emo2.gif,1,sweet_pat,syberra
128234,744060,180619,693034,emo19.gif,1,sweet_pat,syberra
300412,787862,57562,605925,emo1.gif,1,kino01,&#9787;&#9786;~kino~&#9786;&#9787;
128237,758954,165270,0,emo14.gif,1,darkm0r-3,กองโจรแห่งชิบุย่า
378672,841385,262061,653158,emo1.gif,1,yupparaj,ก็นะ...
128239,758707,167717,651775,emo1.gif,1,fruitti_yammi,&#9733; starfish ..::
296587,843396,66738,612399,emo1.gif,1,-christin-,#NAME?
128242,683917,68901,0,emo1.gif,1,bOwa,:+: saLapaO :+:
128243,609298,165074,0,emo1.gif,1,hilarygirl,namwanjung
128244,670085,186433,0,emo1.gif,1,k-sana,K-SaNa
128245,744060,184101,693034,emo1.gif,1,sweet_pat,syberra
715128,612065,310269,967577,emo1.gif,1,darkangel_bp,รัตติกาลที่มืดมิด
128247,688847,178050,0,emo1.gif,1,Lunaziel,L-Arc-en-Ciel
296586,629471,235269,798439,emo1.gif,1,naisati,นายสติ
943998,1112341,363685,949169,emo1.gif,1,princess-on29,ฉันเป็นได้แค่นางฟ้าในใจ
1503852,921196,262874,612557,emo1.gif,1,kareru,~-.KARERU.-~
703729,907656,349158,1035308,emo1.gif,1,ZaSa_i,~ZaChA~
128252,727828,141575,665779,emo1.gif,1,ramee,ramee_parn
665680,907978,294689,751742,emo1.gif,1,allen-09,เอลนจัง
11608280,3439113,1175046,3746153,,1,fayjafay,Russarin Eaimrittikrai
128255,744060,51450,527139,emo21.gif,1,sweet_pat,syberra
341321,844545,171964,623753,emo1.gif,1,phannarat,อูเอะ
128257,647103,165329,715888,emo24.gif,1,meink,>.<=หมี่อิงค์=>.<
296584,663090,233760,836885,emo1.gif,1,som_noizzz,SoM_NoiZzz
128259,756712,163958,0,emo1.gif,1,ashitaru,ashitaru
128260,761328,155422,617224,emo1.gif,1,AriNzzz,AriNzzz
950178,899507,328602,976854,emo1.gif,1,chocolat_chan,sakura_chan
296583,755680,118115,603629,emo16.gif,1,mumuryu,*# mumuryu #*
128263,601081,178957,0,emo1.gif,1,kimrewon,เรเดียน
128264,646968,174923,700460,emo8.gif,1,mariya,จอมโจรคลิฟ
128265,655621,146586,609166,emo1.gif,1,Sailormoon_s,Sailormoon
215612,662066,214162,803847,emo11.gif,1,dark-night,black-night
128267,752133,174923,700460,emo1.gif,1,bee_za_1993,bee_za_1993
128268,744060,80461,601957,emo1.gif,1,sweet_pat,syberra
128269,750852,130876,608663,emo1.gif,0,jemserbelle,air~lea
172907,772386,148688,656614,,0,notting_jung,^notting^
128271,683690,174858,0,emo1.gif,1,seongseena,maymayko
128272,758954,177015,0,emo14.gif,1,darkm0r-3,กองโจรแห่งชิบุย่า
274552,837884,226861,666932,emo1.gif,1,animated,แซมมี่เกเตอร์
128274,750852,103806,612919,emo1.gif,1,jemserbelle,air~lea
215611,650854,197300,600628,emo1.gif,1,lovemikie,lovemikie
296582,707777,184823,669096,emo1.gif,1,narnk,เส้นเล็ก
215610,688637,214071,0,emo1.gif,1,tomotojang,Tomotojang
128278,650444,152225,688940,emo19.gif,1,felin_28,felin_28
128319,669218,186652,0,emo1.gif,1,love_2,ตุ๊กตาสีฟ้า
458973,866374,271929,864834,emo1.gif,1,teenidospunk,PLEASE KILL ME PUNK
215609,710877,207367,658673,emo1.gif,1,rememberiloveu,I like you just the way u are
215608,768675,208940,799845,emo1.gif,1,mineypink_my,คัตเตอร์
128288,730148,184358,0,emo1.gif,1,p-e-a-c-h-,~ปีกน้อยแห่งความฝัน~
128289,684754,96236,548770,emo1.gif,1,NuNail,NuNail
182177,795067,182071,750554,emo29.gif,1,Armurow,*+./-MiZzzNeWZz.+*--
157993,759959,185622,759448,emo1.gif,1,piyaboot,G.12โหล
128292,683690,177671,0,emo1.gif,1,seongseena,maymayko
128293,683690,152146,613796,emo1.gif,1,seongseena,maymayko
337799,869475,211794,701292,emo1.gif,1,ukaitosep,ooSePoo
128295,604094,185704,752948,emo1.gif,1,momoko40,momoko40
512661,883985,229775,799549,emo24.gif,1,mookungm,Chicken_Running
252216,823633,171234,715158,emo1.gif,1,mougie,~*MougiE*~
128344,716258,163034,0,emo1.gif,1,pichnun-36,pichnun-36
128345,716258,144939,601242,emo1.gif,1,pichnun-36,pichnun-36
298901,709207,195361,0,emo1.gif,1,tspasuta1,หัวใจกับความมืด
128347,657404,178479,0,emo1.gif,1,yuribaki,BoAjUnG^^
172906,772386,157188,656614,emo1.gif,1,notting_jung,^notting^
128349,698407,181420,0,emo1.gif,1,kataelovesj,lปรี้ยวจี้ดllสบจ้าด
128350,698407,179806,623405,emo1.gif,1,kataelovesj,lปรี้ยวจี้ดllสบจ้าด
128351,698407,186571,720631,emo1.gif,1,kataelovesj,lปรี้ยวจี้ดllสบจ้าด
128352,716258,130896,646030,emo19.gif,1,pichnun-36,pichnun-36
128353,750852,68041,606877,emo1.gif,1,jemserbelle,air~lea
172905,646039,198177,0,emo30.gif,1,kirana,_+คิเรนะ+_
391370,769987,227008,603004,emo1.gif,1,seulgi,Su su SeulGi ^O^
128356,655477,177015,0,emo30.gif,1,montakarn-gift,บุหลัน
268690,605232,215117,691121,emo1.gif,1,nebillar_vinus,ดาวประกายพรึก
341319,753657,198395,0,emo1.gif,1,min-96,fey-96
128360,604760,177671,0,emo1.gif,1,FishingXBoy,เด็กตกปลา
128361,604760,174923,700460,emo1.gif,1,FishingXBoy,เด็กตกปลา
128362,695650,142844,0,emo1.gif,1,shunago,NaKaHaRa_ShUnAgO...(>_<\\
176227,785680,86588,601719,emo14.gif,1,aizumi,The Girl In The Darkness
325019,671118,219215,0,emo1.gif,1,colagreentea,wing*
128365,692037,150516,0,emo1.gif,1,HolyGirl,HolyGirl
128366,757934,180997,740049,emo1.gif,1,chazz,chazz
128367,752133,183827,0,emo1.gif,1,bee_za_1993,bee_za_1993
128368,605522,130896,646030,emo19.gif,1,pichnun_36,tar111
208621,803299,184757,0,emo1.gif,1,noonankub,pinky_panda
128378,613698,178050,0,emo1.gif,1,skyrocket,skyrocket
128379,615623,177671,0,emo1.gif,1,am-1994,!!!ไม่มีใครรัก++++
128380,716902,184272,0,emo3.gif,1,zexman,monerikuray
221021,617253,215898,717523,emo1.gif,1,SoNeE,๐๐ BoaT ๐๐
128382,746315,165963,716933,emo4.gif,1,tumbler41,Black Tumbler
475726,601008,176738,600545,emo1.gif,1,moechan,moechan
224623,795239,122143,628463,emo1.gif,1,--haru--,*Haru*
128385,712767,161517,625776,emo1.gif,1,kana_chan,@~~kana_chan~~@
290675,669020,195585,775698,emo11.gif,1,sharapova,เคนสุดหล่อ
128387,614019,75741,609471,emo1.gif,1,kalo_lnw,kalo_loveferin
128388,732751,179806,623405,emo1.gif,1,Evil_Gals,พยัคฆ์ร้ายส่ายตูด [[Duk-Dik]]
219528,756550,212098,801836,emo1.gif,1,sai_sweet_love,sai_sweet_love
128394,604094,45011,0,emo1.gif,1,momoko40,momoko40
128404,733170,167194,633127,emo1.gif,1,linjae,linjae
128406,649321,156852,695286,emo1.gif,1,alone_17,alone_17
128407,703622,158711,697679,emo1.gif,1,Au_note,แจจุน
249987,717494,214195,0,emo1.gif,1,Krazygalz,- * ถุ J l l ป้ J * -
128409,675307,171964,623753,emo1.gif,1,aubonthip,นู๋นะโม
128410,734388,173522,0,emo11.gif,1,Akatsuki4779,The_Redmoon
128411,694758,160812,657386,emo1.gif,1,jeengirl,Jeenny
128412,700467,162371,603725,emo1.gif,1,nadiaka_kookkai,k**kk@!
1752308,2007305,519864,2055455,emo1.gif,1,donghae89,รักหมวยด๊องที่สุด
128415,633127,171964,623753,emo29.gif,1,euraka,[THE_MUSICAL_OF_[LOVE]
128416,690055,167029,0,emo17.gif,1,nanrose,nanrose
440679,740596,259437,0,emo4.gif,1,shinichi1412,shinichi1412
208620,761108,127644,0,emo19.gif,1,sakurajungm,ซะโยะริ
128419,756000,186722,0,emo1.gif,1,Jealousy_prince,...Dark_Angle...
128420,755001,73864,607836,emo19.gif,1,White_Army,Angel_Wing
128421,698407,159147,608314,emo1.gif,1,kataelovesj,lปรี้ยวจี้ดllสบจ้าด
128422,610464,186616,0,emo1.gif,1,freedeal,ฟรีเดล
1407325,2000029,266505,1280298,emo1.gif,1,l3e-happiiez,Hakuna Matata`
128424,610464,172005,0,emo1.gif,1,freedeal,ฟรีเดล
128425,610901,181220,716053,emo1.gif,1,nun007,เจ้าหญิงแห่งฤดู
128426,610464,173522,0,emo1.gif,1,freedeal,ฟรีเดล
128427,610928,186217,0,emo1.gif,1,princessofdark,tunder wings strom
128428,735070,171057,623753,emo1.gif,1,Anustrasia99,* M OO NSILV&#8364;R  &#9533; *
128429,695650,186278,688649,emo1.gif,1,shunago,NaKaHaRa_ShUnAgO...(>_<\\
128430,716902,182919,682120,emo1.gif,1,zexman,monerikuray
128431,735070,171964,623753,emo1.gif,1,Anustrasia99,* M OO NSILV&#8364;R  &#9533; *
128432,735070,174923,700460,emo1.gif,1,Anustrasia99,* M OO NSILV&#8364;R  &#9533; *
128524,749700,183040,753718,emo1.gif,1,maruko_aum,maruko_*aum*
128434,735070,150542,0,emo1.gif,1,Anustrasia99,* M OO NSILV&#8364;R  &#9533; *
197336,627398,187220,669096,emo1.gif,1,jobjabjajun,BadPopGirl
128436,735070,136028,628983,emo1.gif,1,Anustrasia99,* M OO NSILV&#8364;R  &#9533; *
128437,735070,177671,0,emo1.gif,1,Anustrasia99,* M OO NSILV&#8364;R  &#9533; *
171333,779483,181220,716053,emo11.gif,1,love_tvxq_sj,>//< รัก tvxq & sj นะ >//<
128439,692037,151469,656927,emo1.gif,1,HolyGirl,HolyGirl
128440,610901,186373,715761,emo1.gif,1,nun007,เจ้าหญิงแห่งฤดู
128441,682024,127654,624360,emo19.gif,1,la-goon,-*~ la  goon ~*-
128442,700467,185195,750203,emo1.gif,1,nadiaka_kookkai,k**kk@!
128443,669648,175329,0,emo30.gif,1,nujib_17546,ดุกน้อย
136237,755882,58125,601356,emo1.gif,1,crochet,Crochet
128445,760231,181420,0,emo1.gif,1,chippee,love savena
128446,760231,179806,623405,emo1.gif,1,chippee,love savena
128447,604094,124411,603911,emo1.gif,1,momoko40,momoko40
128448,760231,158899,600328,emo1.gif,1,chippee,love savena
15252600,2001859,1104773,3353094,,1,pp1226333,tHe liTTle*Smile :)
128450,700467,186725,679163,emo1.gif,1,nadiaka_kookkai,k**kk@!
128451,760231,162371,603725,emo1.gif,1,chippee,love savena
128452,694758,164280,713535,emo1.gif,1,jeengirl,Jeenny
128453,760231,182897,750816,emo1.gif,1,chippee,love savena
453751,659653,268155,0,emo3.gif,1,fleurz,aloha~lalaa
128455,760231,179822,711253,emo1.gif,1,chippee,love savena
128456,728894,161079,706994,emo1.gif,1,nongtang,เด็กภูเก็ต
547926,861798,226643,753465,emo1.gif,1,awajelean,Night Angle
128458,700467,177390,687451,emo1.gif,1,nadiaka_kookkai,k**kk@!
128459,700467,169701,713709,emo1.gif,1,nadiaka_kookkai,k**kk@!
128462,600270,68041,606877,emo29.gif,1,i_am_torfan,ทอฝัน & ปลายฟ้า
128463,610464,88401,604018,emo1.gif,1,freedeal,ฟรีเดล
495922,720257,223956,759938,emo1.gif,1,mod-barbie,มดตะนอย งับ
128465,610464,164182,711238,emo1.gif,1,freedeal,ฟรีเดล
9235543,2694345,1111270,2886860,emo1.gif,1,ukiss137,SLKISS
128467,651031,122885,0,emo30.gif,1,Mint_bmnja,Myth Of Love
128468,610901,166123,686985,emo1.gif,1,nun007,เจ้าหญิงแห่งฤดู
128469,740358,175626,0,emo1.gif,1,Pimsuda,~Dada~
128470,610464,173670,0,emo1.gif,1,freedeal,ฟรีเดล
327979,720185,238097,0,emo1.gif,1,pollajang,น้ำชาสีฟ้า
128472,610464,134457,614332,emo1.gif,1,freedeal,ฟรีเดล
128473,610464,171671,725507,emo1.gif,1,freedeal,ฟรีเดล
205261,678171,111643,677850,emo1.gif,1,pointtion,แมวตะปุยขน
128475,610901,152262,653050,emo1.gif,1,nun007,เจ้าหญิงแห่งฤดู
128476,610464,158599,650107,emo1.gif,1,freedeal,ฟรีเดล
128477,738209,184671,0,emo1.gif,1,amam063,ไหมหยก
128478,725162,177671,0,emo26.gif,1,em_crazy,Emma คนนี้ love Mike สุดใจ
128479,736795,177671,0,emo27.gif,1,AmYrIe,[A]mYrIe..*
128480,749114,177671,0,emo2.gif,1,nana_ningnong,"NanazzZ, , ,NingnongzzZ"
128482,736795,175324,600796,emo27.gif,1,AmYrIe,[A]mYrIe..*
15252596,3586027,36473,629702,,1,door45230,D00R
128485,736795,164248,603911,emo27.gif,1,AmYrIe,[A]mYrIe..*
128486,694699,183040,753718,emo16.gif,1,Hagaren,D@rk_Archon
128487,610464,168877,667666,emo1.gif,1,freedeal,ฟรีเดล
128488,736795,174923,700460,emo27.gif,1,AmYrIe,[A]mYrIe..*
128489,736795,177577,727854,emo27.gif,1,AmYrIe,[A]mYrIe..*
128490,736795,181308,720814,emo27.gif,1,AmYrIe,[A]mYrIe..*
128491,610901,138822,653050,emo1.gif,1,nun007,เจ้าหญิงแห่งฤดู
128493,752252,184389,724320,emo15.gif,1,chelle_tmj,Ms.Bean
128495,610901,162371,603725,emo1.gif,1,nun007,เจ้าหญิงแห่งฤดู
128496,610464,186678,712119,emo1.gif,1,freedeal,ฟรีเดล
128498,610464,186709,663377,emo1.gif,1,freedeal,ฟรีเดล
128499,736795,172227,606804,emo27.gif,1,AmYrIe,[A]mYrIe..*
128500,610464,183754,0,emo1.gif,1,freedeal,ฟรีเดล
129192,695395,183576,0,emo1.gif,1,beezanarak,-+-*[&#8226;&#8226;..l3eE..&#8226;&#8226;]*-+-
128502,610464,186361,760768,emo1.gif,1,freedeal,ฟรีเดล
128503,752252,178678,0,emo15.gif,1,chelle_tmj,Ms.Bean
128504,625217,163019,0,emo1.gif,1,love_HxH,^-^WonJung^-^
128505,749700,177015,0,emo1.gif,1,maruko_aum,maruko_*aum*
128506,684262,177415,612481,emo1.gif,1,zaplp,zaplp
128507,684262,151205,0,emo1.gif,1,zaplp,zaplp
128508,684262,176738,600545,emo1.gif,1,zaplp,zaplp
207735,721355,199875,760518,emo1.gif,1,pan_prite,ปอป่าน
128510,635283,184671,0,emo3.gif,1,love_dab,love dan
412708,899483,257918,681294,emo1.gif,1,teperaf,the messenger of death
142587,675405,179806,623405,emo1.gif,1,Fovk,Fovk
128513,610901,185647,0,emo1.gif,1,nun007,เจ้าหญิงแห่งฤดู
128514,752212,184974,0,emo1.gif,1,RaIN_raIN,* + * RaINraIN * + *
128515,619495,177015,0,emo1.gif,1,Murderess,-*O.O*-
128516,605522,163034,0,emo1.gif,1,pichnun_36,tar111
128517,605522,144939,601242,emo1.gif,1,pichnun_36,tar111
128518,619495,159655,600711,emo1.gif,1,Murderess,-*O.O*-
128519,608939,184675,0,emo1.gif,1,Black_diamonD,๛ ๏ * ~ [ D e w ' Z ] ~ * ๏ ๛
128520,694165,20036,601926,emo2.gif,0,Roven_patt,roven>.<
128521,610901,156683,649531,emo1.gif,1,nun007,เจ้าหญิงแห่งฤดู
128525,752212,178678,0,emo1.gif,1,RaIN_raIN,* + * RaINraIN * + *
128526,614874,180088,0,emo1.gif,1,ferill,ferill the killer of demos
128527,609967,126968,613767,emo1.gif,1,tamachannousagi,อุซางิมาเดะยูเมะซิคิ
128528,760231,182919,682120,emo1.gif,1,chippee,love savena
128529,712896,183279,752948,emo1.gif,1,buffalogirl,นางสาวหัวทุย
128530,749700,183603,744287,emo1.gif,1,maruko_aum,maruko_*aum*
128531,758707,181220,716053,emo1.gif,1,fruitti_yammi,&#9733; starfish ..::
229809,605181,91975,604480,emo1.gif,0,Daopanejorn,ดาวพเนจร
233317,664850,175248,0,emo19.gif,1,pigajuu,^^[ปิ]กา[จู]^^
128534,716053,181200,0,emo13.gif,1,36751,J_enova
128535,754754,181700,0,emo1.gif,0,yunho_0909,ยุนโฮ-น่ารัก
128536,749700,96023,612918,emo1.gif,1,maruko_aum,maruko_*aum*
128537,754754,175795,714074,emo1.gif,0,yunho_0909,ยุนโฮ-น่ารัก
128538,754754,163161,614754,emo1.gif,0,yunho_0909,ยุนโฮ-น่ารัก
128539,716583,186616,0,emo1.gif,1,omoko_gam,~penofsky~
128540,754754,172644,0,emo1.gif,1,yunho_0909,ยุนโฮ-น่ารัก
128541,740409,178926,604860,emo1.gif,1,keitejung,keite
128542,754754,163958,0,emo1.gif,1,yunho_0909,ยุนโฮ-น่ารัก
128543,754754,167407,0,emo1.gif,0,yunho_0909,ยุนโฮ-น่ารัก
128544,754754,164280,713535,emo1.gif,1,yunho_0909,ยุนโฮ-น่ารัก
128545,754754,135383,0,emo1.gif,0,yunho_0909,ยุนโฮ-น่ารัก
128546,754754,167366,600528,emo1.gif,0,yunho_0909,ยุนโฮ-น่ารัก
128547,754754,167717,651775,emo1.gif,0,yunho_0909,ยุนโฮ-น่ารัก
128548,754754,137183,661566,emo1.gif,0,yunho_0909,ยุนโฮ-น่ารัก
128549,754754,180934,742973,emo1.gif,1,yunho_0909,ยุนโฮ-น่ารัก
128550,760231,183576,0,emo1.gif,1,chippee,love savena
128551,669510,176668,0,emo29.gif,1,l3ridget,BrIdGet~* oN:Ly ME~*
128552,610901,183837,0,emo1.gif,1,nun007,เจ้าหญิงแห่งฤดู
128553,612135,185575,0,emo1.gif,1,pirat_saamsee,พิรัชต์-สามสี
128554,695514,186661,673855,emo1.gif,1,Stephanie_zz,Stephanie_Dena
360901,707984,215117,691121,emo24.gif,1,eye_jung_na,อาย...จัง
128557,690039,184101,693034,emo1.gif,0,_Kly_,_Kly_
19159368,4450590,1253839,3387210,emo1.gif,1,real_ploy,real_ploy
128559,602396,181200,0,emo19.gif,1,-aya-,-aya-
2319497,2169327,617889,994202,emo1.gif,1,fire-usara-rin,Lonely Life Is In The Mist
128562,675474,185115,729999,emo1.gif,1,SleePinG_Sn00py,Babezz
789766,1011945,177331,733626,emo1.gif,1,Konthicha,ฮอกวอตส์ปี1
128564,654314,112660,600641,emo29.gif,0,angel_leader,Angel_Leader
128565,609298,167884,0,emo1.gif,1,hilarygirl,namwanjung
128569,600931,185683,0,emo1.gif,1,othila,othila
386034,840585,218305,727363,emo4.gif,1,dookdikcoco,หนู๋แนนจอมเปิ่น
128571,744060,57562,605925,emo13.gif,1,sweet_pat,syberra
128572,600331,168956,0,emo29.gif,1,devilangel,devilangel
128573,682120,174858,0,emo1.gif,1,ouiyhoo,+++Ouiyhoo+++
128574,682120,181069,0,emo1.gif,1,ouiyhoo,+++Ouiyhoo+++
513976,775511,277746,754880,emo1.gif,1,ploy601,racenamos
128576,609056,146231,678870,emo1.gif,1,agava,จอมเวทย์ที่ถูกลืม
128577,692037,175626,0,emo1.gif,1,HolyGirl,HolyGirl
17126943,653800,1306352,4231286,emo1.gif,1,chrisy,&#12354;&#12369;&#12415;
128579,651101,152146,613796,emo1.gif,1,nosamu,@_NosAMu_@
128681,600270,130900,646120,emo1.gif,1,i_am_torfan,ทอฝัน & ปลายฟ้า
128581,702924,108448,600345,emo15.gif,1,Zerene,หนูเนเน่
128582,606847,160643,705985,emo11.gif,1,nana85,Girl_Team
196649,715102,193777,648866,emo1.gif,1,nu_joypink,pink_ice-cream
128585,695395,184892,640581,emo1.gif,1,beezanarak,-+-*[&#8226;&#8226;..l3eE..&#8226;&#8226;]*-+-
196664,613854,190453,0,emo1.gif,1,sarisa17,[-Sari_Za-]
128587,666565,184671,0,emo1.gif,1,my_des_ti_ny,I_am_I
196648,662071,198177,0,emo1.gif,1,suphathaza,^_^ นู๋ไอหมอก ^_^
196638,742641,174923,700460,emo11.gif,1,premto,A[k]ir[A]..m0\\
194879,792509,202961,0,emo9.gif,1,iking,มหาสมุทรสุดขอบฟ้า
128591,744060,112660,600641,emo16.gif,1,sweet_pat,syberra
130577,691156,169228,0,emo1.gif,0,B_Cheese,สายเลือดบริสุทธ์
128593,666565,183837,0,emo1.gif,1,my_des_ti_ny,I_am_I
2387553,1262889,631464,2369525,emo1.gif,1,Happyone,naruto123
128595,659176,177015,0,emo2.gif,0,preede,ปลาเก๋า_kill-you
128596,685205,134437,652948,emo19.gif,1,-saruwatari-,-ซารุวาตาริ-
26059052,3317748,1362072,3165412,emo1.gif,1,qmct0x,tetsuya11&#039;s
128598,732916,141851,602375,emo1.gif,1,dreamforce,dreamforce
128599,692037,185879,0,emo1.gif,1,HolyGirl,HolyGirl
128600,651101,177671,0,emo1.gif,1,nosamu,@_NosAMu_@
149574,751961,184689,717523,emo1.gif,1,kungfugirl,~-~หยกซ่าส์บ้ามากมาย~-~
351648,778497,234167,0,emo1.gif,0,naki_jk,ซุนโงเท็น
1779080,2090257,546291,1105738,emo1.gif,1,zansudchazab,LLznsudchallzb
128604,609056,111708,604948,emo1.gif,1,agava,จอมเวทย์ที่ถูกลืม
128605,718091,186373,715761,emo1.gif,1,maydoozapod,maypod
128606,612791,177669,0,emo19.gif,0,LoveRaN,~ฮาร์ท~
401185,605468,268167,751753,emo1.gif,1,biobaker,Sion
128608,718091,168848,611643,emo1.gif,1,maydoozapod,maypod
196647,774357,208940,799845,emo23.gif,1,dongbangchimki,coala
453517,739972,240308,843864,emo1.gif,1,kimiko-kiriko,kimiko^-^
128611,669510,185151,707766,emo1.gif,1,l3ridget,BrIdGet~* oN:Ly ME~*
128612,608921,148236,602039,emo1.gif,1,aaoka,อาโอกะ
128628,613298,172223,0,emo1.gif,1,ZaKaNo14_Za,ZaKaNo_Za~14
547925,927232,175549,602589,emo1.gif,1,bammthekop,BaMm_CLaSH_LiVeRpOOl
825687,750351,378794,0,emo1.gif,1,13062537,< odd >
7386807,3420981,927835,2889078,emo1.gif,1,mwxyz,Kamonchanok Thongsom
128632,699609,186753,0,emo29.gif,1,Roxion,Roxion
547923,895518,261833,600629,emo19.gif,1,shakira_nuen,freitag091190
128635,741622,151418,0,emo30.gif,1,club_friend_606,friend_606
128636,724790,67522,604314,emo1.gif,1,pako,PAko~CHaN
865391,971475,179668,605007,emo1.gif,1,plazaladeen-_-,ninjapoonarak
128638,610298,184389,724320,emo1.gif,1,Albatross,Albatross
2088710,2266760,563609,2058944,emo1.gif,1,rayfanes,Reyfanes
961719,1011920,380687,837557,emo9.gif,1,oomarashi,oomarashi
748341,992372,174923,700460,emo1.gif,1,Pornpatta,Yamamura L. kumiko
128642,741622,133692,652838,emo14.gif,1,club_friend_606,friend_606
128643,625017,159147,608314,emo1.gif,1,VaM-FeRn,/ยัยllวมไพร์กะนายlฟิร์นเชอร์/
2536073,2470519,659121,2537418,emo1.gif,1,shun89,shun89
128645,741622,116062,0,emo3.gif,1,club_friend_606,friend_606
795415,1075743,270458,740596,emo1.gif,1,pkheechul,*[บุตรแห่งซาตาน]*
128648,741622,135787,603410,emo13.gif,1,club_friend_606,friend_606
128650,741622,155422,617224,emo9.gif,1,club_friend_606,friend_606
547917,660246,251840,604948,emo1.gif,1,kukkai246,The  eye  bloody  of  killer
150031,660600,172275,0,emo1.gif,1,natsukichan,Natsuki-ChaN
128654,600270,186373,715761,emo1.gif,1,i_am_torfan,ทอฝัน & ปลายฟ้า
547915,895518,68041,606877,emo19.gif,1,shakira_nuen,freitag091190
128657,741622,153519,0,emo1.gif,1,club_friend_606,friend_606
128658,606564,178050,0,emo2.gif,1,25299,เทียนหลง
601920,792713,308231,0,emo30.gif,1,Dark_kira,Dark_kira:
128660,719609,40341,606409,emo1.gif,1,santapotter,~santapotter~
128661,760231,180464,0,emo1.gif,1,chippee,love savena
2228666,1088427,616586,1148522,emo1.gif,1,love_hee-nim,O_mega~*
128664,760231,166123,686985,emo1.gif,1,chippee,love savena
510955,951176,272891,1280298,emo1.gif,1,sine_kowai,>>คุณหนูปลิวลม<<
1005489,1118080,406273,0,emo1.gif,1,plengpit,เพลิงเจ้าหญิงซาตาน
1005488,1161022,404438,0,emo13.gif,1,xXxTsubasa,RheaMora
128673,705446,177671,0,emo1.gif,1,easter,lillies
1005487,1171951,343180,940372,emo1.gif,1,lily1603,&#9435;Lily-za~
128677,629280,148772,656637,emo1.gif,1,patcha_jj,+Pat_Cha+
128678,666949,184325,0,emo1.gif,1,nilolypop555,หมูเเดง
1005484,1171951,187220,669096,emo1.gif,1,lily1603,&#9435;Lily-za~
1005485,1160916,136236,622216,emo1.gif,1,toyoucouple,MINI_CHUL
128686,692037,166051,675474,emo1.gif,1,HolyGirl,HolyGirl
128687,734943,164222,0,emo3.gif,1,lovedboy,เกล็ดน้ำตาลสีชมพู
128688,681839,186600,0,emo1.gif,1,melodier_Zzz,melodier_Zzz
128690,658707,184180,0,emo18.gif,1,kimhangya,kimhangya
128691,734943,142119,662310,emo1.gif,1,lovedboy,เกล็ดน้ำตาลสีชมพู
128692,600270,148236,602039,emo1.gif,1,i_am_torfan,ทอฝัน & ปลายฟ้า
128693,658132,152146,613796,emo4.gif,1,pikky_13,devil@angel
128694,722595,180760,689406,emo1.gif,1,nookniks,^นายกะเรา^
128695,722595,172389,729521,emo1.gif,1,nookniks,^นายกะเรา^
128696,667064,182502,0,emo4.gif,1,ployer36,PloYeR
420707,784217,255463,815418,emo1.gif,1,MonkeyDRufe,_*_HoNoGa_*_
128698,722595,175626,0,emo1.gif,1,nookniks,^นายกะเรา^
128699,658707,180565,611259,emo30.gif,1,kimhangya,kimhangya
128700,722595,173804,689406,emo1.gif,1,nookniks,^นายกะเรา^
128701,750328,167363,700024,emo1.gif,0,pinggy_eng,น้องสาวน่าใส
362088,724463,257063,0,emo9.gif,1,seen8622,ริบบิ้นสีซากุระ
128703,658707,155422,617224,emo18.gif,1,kimhangya,kimhangya
128704,658707,178640,693676,emo11.gif,1,kimhangya,kimhangya
128705,658132,180464,0,emo1.gif,1,pikky_13,devil@angel
128706,658707,151225,618185,emo18.gif,1,kimhangya,kimhangya
128707,611342,142092,603302,emo1.gif,1,chunheang,ChunHeang
128708,602951,134788,653039,emo3.gif,1,kodak,โดร๊ฟ
128709,751615,164248,603911,emo1.gif,1,fartguy_gal,+++ไร้ตัวตน+++
128710,658707,178778,654628,emo30.gif,1,kimhangya,kimhangya
380718,657132,258615,849324,emo1.gif,1,oshat,osho
128712,760231,141851,602375,emo1.gif,1,chippee,love savena
128713,741371,160421,0,emo1.gif,1,ware,Watey
128714,692037,184180,0,emo1.gif,1,HolyGirl,HolyGirl
699479,1009925,187220,669096,emo1.gif,1,cooldragon,dek1000du
128717,758830,164248,603911,emo13.gif,1,seasonchan,seasonchan
128718,608628,177671,0,emo1.gif,1,zamarutaa,konaruk
128719,737293,183233,0,emo11.gif,0,kikyo2532,G-cat
128720,652272,180471,0,emo1.gif,1,ae13th,< mi-ke >
160071,632383,134604,615373,emo1.gif,1,jeerana_fern,หน้ากากแสงจันทร์
195312,666432,204947,795114,emo1.gif,1,phassawee,หนูนาเกิดค้า...
128734,738139,184761,700224,emo1.gif,1,althorna,AlthorNA
128736,631111,164248,603911,emo1.gif,1,ukise,marsya
614511,994609,274779,915391,emo1.gif,1,step_phat,Jon$@LaD_minK
1400082,1256057,491160,977858,emo4.gif,1,teddybear555,TeddyBear555
424369,737566,262079,0,emo1.gif,1,faiih,faiih
1643285,2049120,493946,1252856,emo1.gif,1,kirarisung,ป๊อกกี้จัง
128742,677162,159147,608314,emo1.gif,1,machio,*** ChOcOlAtE - BuBle ***
128743,618513,180235,674768,emo1.gif,1,zollix,ZolliX
2177546,600175,609385,1279436,emo1.gif,1,Lookwhai,warlord
128749,694001,177671,0,emo1.gif,1,say_love,branda
128750,694001,164248,603911,emo1.gif,1,say_love,branda
128752,694001,155030,0,emo1.gif,1,say_love,branda
128753,739846,150345,0,emo14.gif,1,rosme,rosme
313011,838586,197300,600628,emo1.gif,1,lovedisney,kobnokkala
326160,795489,239068,849860,emo1.gif,1,alamilrah,~*crytal blue*~
313010,858271,194519,677289,emo1.gif,1,cj2_k2,Wise star vanila wisdom
272492,618402,216264,609637,emo1.gif,1,phatty,Nicha
549352,889148,174923,700460,emo1.gif,1,acare_ysis,nuttza^o^
379472,769937,234759,846214,emo1.gif,1,nikio123,nikio
1556999,1224683,512010,914936,emo1.gif,1,pril1994,only_heart
128761,739846,164248,603911,emo13.gif,1,rosme,rosme
1368405,1194150,485246,1267454,emo1.gif,1,patzazeed,OoอาโนเนะoO
1843911,2017472,567626,971413,emo1.gif,1,kayunsang,Kill For FunnY
128765,757178,179249,0,emo1.gif,1,songsri,road black
128766,757178,69703,618186,emo1.gif,1,songsri,road black
128767,614197,120044,600941,emo1.gif,1,fairyna,*แฟร์จ้า^o^
443258,803687,129655,600553,emo1.gif,1,love_land,เลิฟแลนด์(ดินแดนแห่งรัก)
128770,757178,138564,664523,emo1.gif,1,songsri,road black
163730,759959,197876,0,emo1.gif,1,piyaboot,G.12โหล
147584,772223,179240,0,emo1.gif,1,little-bear,-.+*-LiTtLe-BeAr-*+.-
128773,604348,116056,604120,emo19.gif,1,pataramin,ปตารมินทร์
128774,604348,113863,604120,emo11.gif,1,pataramin,ปตารมินทร์
128775,604348,128239,604120,emo11.gif,1,pataramin,ปตารมินทร์
128776,604348,120241,604120,emo11.gif,1,pataramin,ปตารมินทร์
128777,604348,89755,615401,emo11.gif,1,pataramin,ปตารมินทร์
128779,664828,124197,605550,emo1.gif,1,ham-ham,hamster_gang
128780,664828,150792,607551,emo1.gif,1,ham-ham,hamster_gang
128781,716323,174923,700460,emo1.gif,1,_tanneybear_,~tanneybear~
128782,601559,176854,0,emo1.gif,1,Deta,Deta
458712,882365,178907,672931,emo1.gif,1,filmlovedan,o_0นู๋ฟิล์มรักนู๋แดน0_o
128784,705634,167926,717252,emo1.gif,1,pakimora,จุ๊บ-\\'๑\\'-ที่ร๊ากก -\\'๑\\'-จุ๊บ
309458,684364,240469,844829,emo8.gif,1,yaya50,หยา มัดหวาย
362203,863904,224792,0,emo4.gif,1,rain_1023,@-แค่ฝัน ปั้นยิ้ม-@
128787,746315,115565,602643,emo1.gif,1,tumbler41,Black Tumbler
128788,677757,74289,680379,emo13.gif,1,KuInC,~^~TsUbAsA~^~
178037,738073,154590,0,emo3.gif,1,darasukky,darasukky
128790,677757,174542,604236,emo4.gif,1,KuInC,~^~TsUbAsA~^~
128791,668991,66493,611073,emo28.gif,1,Seedoflight,Seed
8768734,3444996,871050,3134976,emo1.gif,1,marnid,Marnid
128793,668991,177982,0,emo18.gif,1,Seedoflight,Seed
128794,721037,173522,0,emo9.gif,1,ja_yamapee,เด็กหญิงโลเล
128795,668991,179049,0,emo29.gif,1,Seedoflight,Seed
128796,677757,139768,601694,emo3.gif,1,KuInC,~^~TsUbAsA~^~
142477,613083,180934,742973,emo2.gif,1,deksmart,เด็กทอม
128798,671284,1004,601957,emo1.gif,1,snap_tomato,snap_tomato
128799,609200,156683,649531,emo19.gif,1,pandahahai,Panda Ha~Hai
128800,609200,169414,0,emo28.gif,1,pandahahai,Panda Ha~Hai
132236,732191,85940,600948,emo1.gif,1,pin_dragon,เจ้าหญิงแห่งจันทรา
128802,610901,174853,711864,emo1.gif,1,nun007,เจ้าหญิงแห่งฤดู
3000416,2536306,647748,860849,emo1.gif,1,memonoza,&#9733;black color?!
3987044,2652646,804904,2712541,emo1.gif,1,demine,demine
128806,676598,68041,606877,emo1.gif,1,angelyuri,ท่านนารุโตะ
3000418,2610571,500178,776487,emo1.gif,1,iyok,iYok
5760301,3328166,648544,755268,emo1.gif,1,ploiizxixoasis38,PloiizOasis
128809,612783,144478,0,emo1.gif,1,ann21,:: Ann :: คุณากร :: ^-^
128810,608141,68041,606877,emo1.gif,1,chocolate-cake,ช็อคเค้ก
128811,687072,169098,0,emo1.gif,1,weera_tea,ไนท์แมน
128812,701663,178499,0,emo1.gif,1,hamhamtaro,ham_mer
128813,759534,184740,0,emo1.gif,1,peaken,peak123
128814,759534,180565,611259,emo1.gif,1,peaken,peak123
2163346,1124511,467670,1253632,emo1.gif,1,diarykr,KyUMiNandkr...
128816,686985,177015,0,emo1.gif,1,badbadtz,pink_ku_berry
1448909,902946,7045,669052,emo1.gif,1,pisces2,~ARIES~
2163348,1124511,465896,986278,emo1.gif,1,diarykr,KyUMiNandkr...
128820,752374,161807,0,emo1.gif,1,caramelman,sillyboy
128825,730815,141422,0,emo1.gif,1,poongpang,ไทยากิไส้ถั่วแดง
128826,662600,130297,600838,emo2.gif,1,sayui,sayui
171000,772202,175324,600796,emo14.gif,1,Kasu-O,Kasu-O
128828,604348,126532,617947,emo13.gif,1,pataramin,ปตารมินทร์
128829,604348,143109,617947,emo15.gif,1,pataramin,ปตารมินทร์
128830,604348,111143,611299,emo1.gif,1,pataramin,ปตารมินทร์
128831,604348,121991,601897,emo1.gif,1,pataramin,ปตารมินทร์
439218,872038,275267,849324,emo1.gif,1,eye-inlove,Dek_lnw_za
128833,604348,185229,678719,emo30.gif,1,pataramin,ปตารมินทร์
128834,604348,164209,617392,emo21.gif,1,pataramin,ปตารมินทร์
128835,604348,177936,0,emo1.gif,1,pataramin,ปตารมินทร์
128836,711073,177671,0,emo1.gif,1,T_Tbum,>_<ice
128837,755317,164248,603911,emo1.gif,1,fagirlka,^_^ผู้หญิงกลางสายฝน^_^
128838,755317,171964,623753,emo1.gif,1,fagirlka,^_^ผู้หญิงกลางสายฝน^_^
128839,609260,167363,700024,emo1.gif,1,yomijija,yomijija
128840,755317,165963,716933,emo1.gif,1,fagirlka,^_^ผู้หญิงกลางสายฝน^_^
128841,609260,179524,682350,emo1.gif,1,yomijija,yomijija
128842,604348,186555,731509,emo11.gif,1,pataramin,ปตารมินทร์
143413,613083,89788,613396,emo2.gif,1,deksmart,เด็กทอม
256256,715702,145894,606598,emo1.gif,1,kakashi159,mew159
128845,724091,184892,640581,emo1.gif,1,toey19429,ราชิล
405774,856282,258653,711580,emo1.gif,1,Yesung_Yunho,เทพธิดาแห่งเมฆสีแดง
128847,713874,174853,711864,emo1.gif,1,U-know-shinki,<_l3ranDNamE_>
128848,760218,135043,655723,emo1.gif,1,tunnut,ถั่วโรคจิต~*
428610,826067,262464,784480,emo1.gif,1,RFNP_KR_J,RFNP_KR_J
630087,745599,289987,893158,emo1.gif,1,penpink,++dek_narak++
1374166,1109133,478944,1195638,emo1.gif,1,Teddy_bear,Teddy_White
128853,673692,68041,606877,emo19.gif,1,long_dojin,long_dojin
128854,675405,156683,649531,emo1.gif,1,Fovk,Fovk
2186752,1258785,603995,602589,emo1.gif,1,kwanriam,kwanriam
2703431,2308956,413205,1041130,emo1.gif,1,devil-13am,13NY
630086,745599,266047,730025,emo1.gif,1,penpink,++dek_narak++
128859,686764,152146,613796,emo1.gif,1,sodium_naka11,sodium_naka11
307924,812082,215983,786122,emo1.gif,1,gift_nitiwadee,diarygiftja
128861,690490,156683,649531,emo2.gif,1,pinkkiiz_love,นู๋จอมซ่าส์
128862,726404,162734,698649,emo1.gif,1,nanpotter,แนน พอตเตอร์
128863,756527,171281,725437,emo1.gif,1,Choco_Caramel,แครอทม่วง
128864,738906,178952,0,emo19.gif,1,Whitecotton,&#9829;NumniM&#9829;
128865,679510,177015,0,emo14.gif,1,power_cute_girl,power cute girl
287604,715247,233122,0,emo1.gif,1,mookkyz,~มะปราง~
134792,737211,150703,639279,emo1.gif,1,Nukta,Nukta
128876,722154,146691,679678,emo27.gif,1,NoOSoDa,sodasozaa
128877,731432,154115,693242,emo1.gif,1,p_141,p_141
432720,746864,232754,728388,emo19.gif,1,PAMangle,คนดีศรีคนเผือก
1275818,881555,453538,0,emo1.gif,1,-cream-,chi_
128880,702924,175324,600796,emo13.gif,1,Zerene,หนูเนเน่
128881,702924,177669,0,emo13.gif,1,Zerene,หนูเนเน่
504763,949221,197300,600628,emo1.gif,1,liftkung,.*+..จั้มมั้ม..*+.
128883,701710,183837,0,emo1.gif,1,yayniranam,yayniranam
419710,892878,273610,0,emo1.gif,1,saloss,sarina
129631,610464,146691,679678,emo1.gif,1,freedeal,ฟรีเดล
128892,760004,169501,647083,emo13.gif,1,einari,einarin
1388720,2014951,369039,988421,emo2.gif,1,unlovrble,THE_GAP_UNSEN
202357,796088,157188,656614,emo1.gif,1,Hanajima-08,ฮานะจัง-08
128895,703257,186878,0,emo1.gif,1,fa_38,@ฟ้า_ใส@
174362,605153,202340,0,emo23.gif,1,suzusan,อิชิมารุ
128898,702924,171462,693028,emo13.gif,1,Zerene,หนูเนเน่
128899,737702,185135,0,emo29.gif,1,lead_jen,> ่J >_< G.Taro รักน๊าา <
128900,671902,167926,717252,emo1.gif,1,the_fipper,แครอทสีส้ม
128901,729871,51919,606268,emo30.gif,1,kultraman,Kultraman
128902,600683,186447,716304,emo21.gif,1,i46003,เป็ด >_<a
128904,697230,123043,605409,emo1.gif,1,faranina,faranina
128905,628639,180464,0,emo1.gif,1,daqiao,daqiao
128906,605147,164248,603911,emo1.gif,1,Vitreous,Sandal Vitreous.[รองเท้าแก้ว]
618656,987884,203375,684342,emo1.gif,1,Echizen-Saori,Angel_Saori
600569,845850,285700,0,emo1.gif,1,garn_za,garn_za
128909,707373,183179,0,emo1.gif,1,monpotter,คนที่ไม่ควรเอ่ยนาม
128910,707373,179806,623405,emo1.gif,1,monpotter,คนที่ไม่ควรเอ่ยนาม
3000420,2610571,360097,776487,emo1.gif,1,iyok,iYok
128913,628639,167363,700024,emo1.gif,1,daqiao,daqiao
128914,697230,160767,600948,emo1.gif,1,faranina,faranina
128915,628639,177132,0,emo28.gif,1,daqiao,daqiao
128916,607420,129566,609788,emo1.gif,1,naboy,น้ำค้างปลายข้าว
3000421,2536306,417371,934578,emo1.gif,1,memonoza,&#9733;black color?!
128918,628639,160222,611915,emo1.gif,1,daqiao,daqiao
128919,720078,166113,0,emo4.gif,1,Gus--Toniya,The Priest of Gildireg
128920,721455,136028,628983,emo1.gif,1,Malang1,Malang1
1113445,1075198,439276,1131096,emo28.gif,1,mattanun,obojama!
128928,697230,126327,0,emo1.gif,1,faranina,faranina
215807,783967,84014,604264,emo1.gif,1,somozen,ozen
128924,716111,118651,604348,emo9.gif,1,Parkja,Parkja
128925,611117,37897,621642,emo1.gif,1,DogFatWhiteDFW,DogFatWhite(DFW)
128926,716111,120271,604348,emo4.gif,1,Parkja,Parkja
1545095,2014965,519806,1225380,emo1.gif,1,refuse,"G R I E F ,,!"
128931,605371,162630,604604,emo15.gif,1,laconvent,เดะนักป่วน19049
128933,741371,97865,616435,emo1.gif,1,ware,Watey
128934,616566,20305,615437,emo1.gif,1,moontwo,เดือนสองดวง
128936,696826,160152,0,emo9.gif,1,watmew,เทปเปคุง
138213,703622,190152,612886,emo1.gif,1,Au_note,แจจุน
2076200,1101503,590368,2285242,emo1.gif,1,porcupine,นู๋เม่นน้อย
128939,726404,182578,742622,emo1.gif,1,nanpotter,แนน พอตเตอร์
128940,756691,167717,651775,emo22.gif,1,janelovemonster,janelikelovemonster
128941,605147,185683,0,emo1.gif,1,Vitreous,Sandal Vitreous.[รองเท้าแก้ว]
150255,708298,164222,0,emo1.gif,1,yamapee_mayza,yamapee_mayza
1350874,1298077,253995,797771,emo1.gif,1,NaakaNing,หัวใจมีไว้ให้รัก
129770,739209,187220,669096,emo1.gif,1,prae_pippins,++IIws++
339798,755630,235526,610970,emo1.gif,1,ranyon,ranyon
128946,612861,142367,0,emo24.gif,1,Spicy_Ice_cream,Spicy_Ice_cream
1426186,1115406,389109,776137,emo1.gif,1,babybojae,Baby BoJae
128948,680000,174923,700460,emo1.gif,1,miyone,miyone
875067,952665,262902,750439,emo1.gif,0,puk_kuk,เมฆหมอก+สายลม+พายุฝน
128951,726404,175299,607420,emo1.gif,1,nanpotter,แนน พอตเตอร์
617664,657315,326000,697692,emo1.gif,1,79481246,อาหารเช้ายามบ่าย
316240,808850,236983,824033,emo1.gif,1,peat_48216,Fiying bone
128954,683296,174853,711864,emo1.gif,1,shiningjuno,$...N๐ n@meZ...$
382889,883608,257918,681294,emo1.gif,1,proudly-present,proudly-present
200169,701173,207979,799918,emo1.gif,1,nongdao,Stoat
147144,761297,164248,603911,emo27.gif,0,Piglet47,~มิซึจัJ~
305832,763875,202967,772973,emo1.gif,1,loveanin,นุกค่า
2141618,1292404,376051,703611,emo1.gif,1,sarasarasara,SARA
1557001,2084010,339998,604020,,1,131032,I am a studen
617583,888653,254006,761040,emo1.gif,1,apple_pie_33,apple_pie
128963,691449,186657,0,emo1.gif,1,UnderHell,God of Evil
128964,625019,184553,0,emo3.gif,1,wannida-waew,-*Lisa*-
128965,730066,183105,0,emo1.gif,1,yuinalak,yuinalak
2501983,916520,630895,2317410,emo1.gif,0,jittasano,~ ! $ GoD oF dEaTh $ ! ~
381643,695074,211297,600628,emo1.gif,1,monkypink,monkypink
305847,761168,231780,656686,emo1.gif,1,eyehup,p.r.t.ok
1556921,1155281,480447,1050094,emo1.gif,0,Dark_Cry,White&Fai
625566,612224,326114,657315,emo1.gif,1,MeMoKung,MeMoKung
314060,733626,241308,817433,emo1.gif,1,hochi,DEmon[CHika]
381642,862590,254694,750599,emo1.gif,1,kamen_maud,M@K๐$aPi@
262288,834767,203124,724388,emo1.gif,1,doramenon,โดราเมน่อน
128975,759534,172644,0,emo1.gif,1,peaken,peak123
483913,892878,276716,0,emo1.gif,1,saloss,sarina
1372950,1067125,179203,711775,emo1.gif,1,benihime,benihime
128978,756691,170757,609200,emo14.gif,1,janelovemonster,janelikelovemonster
128979,610023,178528,653326,emo1.gif,1,oam_m,~*l3lueberries*~
128980,761271,180563,727854,emo1.gif,1,maikikugm,ปีกแห่งความหวัง
128981,625019,179497,738794,emo1.gif,1,wannida-waew,-*Lisa*-
128982,610023,157613,699604,emo1.gif,1,oam_m,~*l3lueberries*~
128983,740747,183627,609937,emo1.gif,1,princess-chan,=princess_chan=
402809,808570,171964,623753,emo1.gif,1,hero_yun,ยูยะสาวกเคียวซัง
5732024,2027070,917368,1047632,,1,pimsalisa313,MPIINMD
190265,601306,187919,600888,emo3.gif,0,arnachea,arnachea
128990,659612,167363,700024,emo1.gif,0,praewa4638,แพรวา 4638
2563221,2593242,632571,2385693,emo1.gif,1,mantana602,ฮาเดส
1096545,918750,198833,617224,emo1.gif,1,pang_tvxq,แจแจ*
484413,920337,281945,0,emo1.gif,1,kangsu,chinknow
128994,733011,149072,600040,emo1.gif,1,lovepond,ดอกไม้สีเงิน
128995,624624,174533,0,emo1.gif,1,supisara-tai,yoko
3512848,2333379,690328,2626026,emo1.gif,1,narmkarb,SliverMoon
134006,663306,185532,0,emo1.gif,1,Janyiiz,Pikmipuf
128998,758195,180235,674768,emo24.gif,1,DroopingCat,DroopingCat
427138,832220,272358,911601,emo1.gif,1,freesaria,ฟรีเซีย
129000,726513,151082,676771,emo1.gif,1,yayoun,yayoun
129001,760276,175626,0,emo1.gif,1,wxwxskpwx,สมาคมแม่มดน้อย ยากุซ่าส์
129002,726086,80461,601957,emo19.gif,1,mikgale,Fai&#321;y<< E v i &#321; >>
129003,738089,175626,0,emo1.gif,1,jems_glass,พลอยประกายแก้ว ^o^
193050,601081,200551,621578,emo19.gif,1,kimrewon,เรเดียน
457173,892878,234823,846808,emo1.gif,1,saloss,sarina
217358,764876,205046,709880,emo1.gif,1,tav1af3,วุ้นเส้นสีชมพู
129007,732054,177671,0,emo1.gif,1,nattiizz,natiizzOoO!!
129008,746429,173072,0,emo1.gif,1,netyunho,Netninie
129010,733820,162880,604809,emo1.gif,1,mod_anty,mod_anty
131589,697230,121472,604444,emo1.gif,1,faranina,faranina
1938605,2057849,448527,1196756,emo1.gif,1,dkmine,La'De_wa
621800,784480,240308,843864,emo1.gif,1,snowdog,เพนกวินจากแดนหิมะ
129022,760163,178952,0,emo1.gif,1,cino_peach,SamaKoM_DiWeI
129023,754754,164248,603911,emo1.gif,1,yunho_0909,ยุนโฮ-น่ารัก
129024,673752,174334,0,emo1.gif,1,roseprincess,White Rose
2981041,2286537,630407,929866,emo1.gif,1,jinjulovelysuju,jst.forever
129026,673752,178499,0,emo1.gif,1,roseprincess,White Rose
129027,673752,186856,0,emo1.gif,1,roseprincess,White Rose
129028,615332,165329,715888,emo19.gif,1,comedown,S/-/@Do\\/\\/&LiG/-/T
129029,615332,80461,601957,emo1.gif,1,comedown,S/-/@Do\\/\\/&LiG/-/T
502043,869040,244157,1259058,emo1.gif,1,kurogane_yuna,yuna~
144361,683296,185328,741172,emo1.gif,1,shiningjuno,$...N๐ n@meZ...$
129032,604154,167926,717252,emo1.gif,1,tikah,อะโพโลปาปิยองป๊อกแป๊ก
129033,709195,159147,608314,emo1.gif,1,Nu_JiNg,~ [JiNg] ~
129036,614051,177595,0,emo1.gif,1,pantarut,นราณ์
210517,707006,73280,0,emo1.gif,1,ViVizLizZy,ViVizLizzY_~*
703787,1003168,325481,872854,emo1.gif,1,kulni,darkmaria
190301,628867,185744,0,emo1.gif,1,cutycuty,สำออยน้อย
153413,743399,175324,600796,emo1.gif,1,tanyamai2538,สตอเบอร์รี่~ช็อกเค้ก
129041,738270,186827,0,emo19.gif,1,PISANUtan,Nu Tan
189457,766301,191031,737558,emo24.gif,0,syusukeeiji,KimPangKung
129043,723486,186373,715761,emo1.gif,1,cof_fe_e,pbbb
129044,723486,173979,676750,emo1.gif,1,cof_fe_e,pbbb
166114,655394,126660,605455,emo2.gif,1,faaa_,บิวส์ เบลลิงตัน
129768,739209,187185,761229,emo1.gif,1,prae_pippins,++IIws++
129049,708985,165963,716933,emo1.gif,1,tannyjj1426,ปราสาทแห่งเวทย์
129769,739209,185074,744060,emo1.gif,1,prae_pippins,++IIws++
318549,733833,152146,613796,emo1.gif,1,aeikinz,$+*~Bowa_Aeiki~*+$
129052,691226,164248,603911,emo8.gif,1,mos_555,มอสคับ555
171083,656161,201464,0,emo1.gif,1,darknessblue,Chocolatechip
354286,861798,217344,813700,emo16.gif,1,awajelean,Night Angle
129055,759788,185727,759788,emo1.gif,1,GMPS2,GMPS2
129056,672450,146691,679678,emo1.gif,1,gaamygirl,เกมิโกะ
129058,739953,182123,0,emo24.gif,1,freda,F r e d a _  ~
129059,699831,185609,0,emo1.gif,1,ITseience,&#9654; &#9655;&#9728;&#9728;ผู้หญิงทะลึ่ง&#9728;&
129065,670646,180619,693034,emo1.gif,1,ngeazai_rapin,||`๛ เอวัง ๛` ||
129066,649696,133236,601912,emo1.gif,1,freeshi,freeshi
806197,994923,245746,806189,emo1.gif,1,Oni-meno,Grissy
166113,771426,153742,614792,emo2.gif,0,KAY-Dekpod,KAY-Dekpod
318548,733833,142844,0,emo1.gif,1,aeikinz,$+*~Bowa_Aeiki~*+$
167132,603385,183837,0,emo19.gif,1,sirena,บลูเบอร์รี่ลูกล่ำ
129071,625500,156683,649531,emo11.gif,1,mn18,Karain^^
318547,833560,235153,0,emo1.gif,1,mindsand01,Z๐|HERO|๐Z
129073,701419,186043,0,emo1.gif,1,serana,เซเลน่า
129074,698027,149072,600040,emo1.gif,1,jaeyser,moronจัง
1410543,1125482,504820,607319,emo1.gif,1,o_ou_oo,o_ou_oo
160122,621246,192306,0,emo1.gif,1,Naville,เนวิลล์ ผู้ถูกเลือก
660818,722443,202999,0,emo1.gif,1,dekdee002,อะนะผมเก่ง
214159,686702,198919,0,emo1.gif,1,puizazac,ยั ย ตั ว แ ส บ สุ ด ซ่  ส์
135258,648526,186278,688649,emo1.gif,0,kamikaai,*^_^*icezy*^_^*
134909,606072,85940,600948,emo1.gif,1,deafodia,~แหนมจิ๋ว~
129081,670646,175324,600796,emo1.gif,1,ngeazai_rapin,||`๛ เอวัง ๛` ||
135257,695395,161556,676462,emo1.gif,1,beezanarak,-+-*[&#8226;&#8226;..l3eE..&#8226;&#8226;]*-+-
